folder,druid,sourceid,label
80110083-IF000000885,rx633fh1965,sul:M1230_B367_T01,
80110084-IF000000889,xv089jk9861,sul:M1230_B367_T02,
80110085-IF000000893,wd096ws9733,sul:M1230_B367_T03,
80110086-IF000000897,dr302jv0264,sul:M1230_B367_T04,
80110087-IF000000901,kc048dc7012,sul:M1230_B367_T05,
80010001-IF000000001,cf236ns8944,sul:ARS0018_0001-A,
80010002-IF000000002,fv479zv9302,sul:ARS0018_0002-A,
80010002-IF000000003,sx003fm4488,sul:ARS0018_0002-B,
80010003-IF000000004,br402ct1391,sul:ARS0018_0004-A,
80010004-IF000000005,tw884bm9869,sul:ARS0018_0005-A,
80010005-IF000000006,dt279tr9736,sul:ARS0018_0006-A,
80010006-IF000000007,zf690fw2344,sul:ARS0018_0008-A,
80010007-IF000000008,sf877wj4506,sul:ARS0018_0010-A,
80010007-IF000000009,yy027yx5870,sul:ARS0018_0010-B,
80010008-IF000000010,ck539rb7217,sul:ARS0018_0012-A,
80010008-IF000000011,qq646tw3201,sul:ARS0018_0012-B,
80100001-IF000000705,pt604gg4007,sul:ARS0018_0014-A,
80010009-IF000000012,dv643bd0512,sul:ARS0018_0015-A,
80010010-IF000000013,jn166qt0901,sul:ARS0018_0016-A,
80010011-IF000000014,tb737yk9239,sul:ARS0018_0017-A,
80010012-IF000000015,cb988sn5293,sul:ARS0018_0018-A,
80010013-IF000000016,xk031yt7959,sul:ARS0018_0019-A,
80010014-IF000000107,tz541mz5010,sul:ARS0018_0020-A,
80010015-IF000000017,ff928sn7286,sul:ARS0018_0021-A,
80010016-IF000000018,gd462fs4709,sul:ARS0018_0022-A,
80010017-IF000000019,tj044dm0982,sul:ARS0018_0023-A,
80010018-IF000000020,zy248cy1732,sul:ARS0018_0024-A,
80010019-IF000000108,dd844jc8902,sul:ARS0018_0025-A,
80010020-IF000000109,cr318ts5490,sul:ARS0018_0026-A,
80010021-IF000000110,pp458mp7312,sul:ARS0018_0027-A,
80010022-IF000000111,xn071xz4878,sul:ARS0018_0028-A,
80010023-IF000000112,dd550mx0102,sul:ARS0018_0029-A,
80010024-IF000000021,df183bd2711,sul:ARS0018_0030-A,
80010025-IF000000022,zs850dc1899,sul:ARS0018_0031-A,
80010026-IF000000023,ph346vf2647,sul:ARS0018_0032-A,
80010027-IF000000024,tq538pp3534,sul:ARS0018_0033-A,
80010028-IF000000025,tf598mm2438,sul:ARS0018_0034-A,
80010028-IF000000026,yk512fw2026,sul:ARS0018_0034-B,
80010029-IF000000027,wc338xt7580,sul:ARS0018_0035-A,
80010029-IF000000028,qc402zg0056,sul:ARS0018_0035-B,
80010030-IF000000029,py485vd3206,sul:ARS0018_0037-A,
80010030-IF000000030,hy204dn1892,sul:ARS0018_0037-B,
80010031-IF000000031,hx472kn8899,sul:ARS0018_0039-A,
80010031-IF000000032,jd526hw2289,sul:ARS0018_0039-B,
80010032-IF000000033,pd525vj6494,sul:ARS0018_0041-A,
80010032-IF000000034,js727qq5865,sul:ARS0018_0041-B,
80010033-IF000000035,pv194gy1553,sul:ARS0018_0042-A,
80010034-IF000000036,fk006fg5942,sul:ARS0018_0043-A,
80010035-IF000000037,hb877cq3444,sul:ARS0018_0044-A,
80010036-IF000000038,ks029kb2578,sul:ARS0018_0046-A,
80010037-IF000000039,rp731wn5660,sul:ARS0018_0049-A,
80010038-IF000000040,gb371kg3425,sul:ARS0018_0050-A,
80010039-IF000000041,bn794gk6505,sul:ARS0018_0051-A,
80010040-IF000000042,mt597gz9389,sul:ARS0018_0053-A,
80010041-IF000000043,rc051nj9382,sul:ARS0018_0054-A,
80010042-IF000000044,tt712wg3844,sul:ARS0018_0055-A,
80010043-IF000000045,dr364mh4531,sul:ARS0018_0056-A,
80100002-IF000000706,rr023gr4336,sul:ARS0018_0057-A,
80010044-IF000000046,qk864db8294,sul:ARS0018_0058-A,
80010045-IF000000047,xk682gs3212,sul:ARS0018_0059-A,
80010046-IF000000048,zv322pq9152,sul:ARS0018_0060-A,
80010047-IF000000049,nk276pz2560,sul:ARS0018_0061-A,
80010048-IF000000050,pt086kf0727,sul:ARS0018_0062-A,
80010049-IF000000051,ny331kg5875,sul:ARS0018_0063-A,
80010050-IF000000052,tx212sc8025,sul:ARS0018_0064-A,
80040001-IF000000164,mw068kv0184,sul:ARS0018_0065-A,
80020001-IF000000053,qq031bg0864,sul:ARS0018_0066-A,
80020002-IF000000054,bw906dk7627,sul:ARS0018_0066A-A,
80020003-IF000000055,bz888gn2259,sul:ARS0018_0067-A,
80040002-IF000000165,yn917hf6903,sul:ARS0018_0068-A,
80040003-IF000000166,mr047ct8049,sul:ARS0018_0069-A,
80040004-IF000000167,bf953gw3509,sul:ARS0018_0070-A,
80020004-IF000000056,rz550xc8326,sul:ARS0018_0071-A,
80020005-IF000000057,hy946hy0862,sul:ARS0018_0072-A,
80040005-IF000000168,kb758wj3389,sul:ARS0018_0073-A,
80020006-IF000000058,sz487yw4332,sul:ARS0018_0074-A,
80020007-IF000000059,bg988vp9668,sul:ARS0018_0075-A,
80020008-IF000000060,zq735jb9601,sul:ARS0018_0076-A,
80040006-IF000000169,mp709tb0047,sul:ARS0018_0077-A,
80020009-IF000000061,wg590hv5067,sul:ARS0018_0078-A,
80040007-IF000000170,fs560xp2796,sul:ARS0018_0079-A,
80040008-IF000000171,fr625dk9961,sul:ARS0018_0080-A,
80020010-IF000000062,zv999bs3096,sul:ARS0018_0081-A,
80020011-IF000000063,ty728hp3548,sul:ARS0018_0082-A,
80040009-IF000000172,xk226nk1923,sul:ARS0018_0083-A,
80040010-IF000000173,kz956cx1950,sul:ARS0018_0085-A,
80100003-IF000000707,vd723tm6272,sul:ARS0018_0086-A,
80100004-IF000000708,zj151gy8871,sul:ARS0018_0087-A,
80100005-IF000000709,xw708pc8052,sul:ARS0018_0090-A,
80030001-IF000000157,jg075gh9462,sul:ARS0018_0091-A,
80100006-IF000000710,cd147qz8732,sul:ARS0018_0093-A,
80020012-IF000000064,nq063zj7602,sul:ARS0018_0094-A,
80100008-IF000000711,nj615dp3507,sul:ARS0018_0095-A,
80100009-IF000000712,dv316bw4774,sul:ARS0018_0096-A,
80040011-IF000000174,hp244rp3386,sul:ARS0018_0097-A,
80040012-IF000000175,ff474zy2913,sul:ARS0018_0099-A,
80040013-IF000000176,rq013mg5535,sul:ARS0018_0102-A,
80040014-IF000000177,yh355mb2427,sul:ARS0018_0104-A,
80030002-IF000000158,bf799mw7421,sul:ARS0018_0106-A,
80030003-IF000000159,hd196fm2242,sul:ARS0018_0108-A,
80030004-IF000000160,mz754jr6839,sul:ARS0018_0109-A,
80040015-IF000000178,sp563xq0175,sul:ARS0018_0110-A,
80040016-IF000000179,hz715dh2573,sul:ARS0018_0111-A,
80100010-IF000000713,ms311rq4467,sul:ARS0018_0112-A,
80100011-IF000000714,gs130jg6831,sul:ARS0018_0113-A,
80050001-IF000000302,dx407jt9941,sul:ARS0018_0114-A,
80050002-IF000000303,wy202qc8667,sul:ARS0018_0115-A,
80050003-IF000000304,ys963hm2988,sul:ARS0018_0116-A,
80030005-IF000000161,rn559db9189,sul:ARS0018_0117-A,
80030006-IF000000162,sk661zv0711,sul:ARS0018_0118-A,
80050004-IF000000305,vb989yd4778,sul:ARS0018_0119-A,
80080001-IF000000528,md571fj7729,sul:ARS0018_0120-A,
80080002-IF000000529,vv821mv2011,sul:ARS0018_0121-A,
80080003-IF000000530,cn625xv9534,sul:ARS0018_0122-A,
80100012-IF000000715,wr753xx6291,sul:ARS0018_0123-A,
80100013-IF000000716,fc279pw1696,sul:ARS0018_0124-A,
80100014-IF000000717,gd743qd8642,sul:ARS0018_0125-A,
80100015-IF000000718,nq956sc7221,sul:ARS0018_0126-A,
80100016-IF000000719,vd711ht7658,sul:ARS0018_0127-A,
80090001-IF000000623,wk722mq7715,sul:ARS0018_0128-A,
80090002-IF000000624,bn994ks9916,sul:ARS0018_0129-A,
80090003-IF000000625,hb554wp1202,sul:ARS0018_0130-A,
80090004-IF000000626,rm177vd3162,sul:ARS0018_0131-A,
80090005-IF000000627,dc273my6182,sul:ARS0018_0132-A,
80090006-IF000000628,st047hw2558,sul:ARS0018_0132A-A,
80100017-IF000000720,kc401pk6569,sul:ARS0018_0133-A,
80030007-IF000000163,xz912dk9802,sul:ARS0018_0134-A,
80030008-IF000000113,jb569xd8724,sul:ARS0018_0135-A,
80090007-IF000000629,bc355dv6080,sul:ARS0018_0136-A,
80050005-IF000000306,fm453pt7597,sul:ARS0018_0137-A,
80060001-IF000000384,tc133rf4199,sul:ARS0018_0140-A,
80060002-IF000000385,pk244vn1175,sul:ARS0018_0141-A,
80050006-IF000000307,bf255wj6849,sul:ARS0018_0142-A,
80090008-IF000000630,qg107xs1600,sul:ARS0018_0143-A,
80090009-IF000000631,gq494nj9744,sul:ARS0018_0144-A,
80060003-IF000000386,vt636mf2093,sul:ARS0018_0145-A,
80060004-IF000000387,ks397ny3430,sul:ARS0018_0146-A,
80050007-IF000000308,vg733yt8978,sul:ARS0018_0147-A,
80090010-IF000000632,yg565wf9457,sul:ARS0018_0148-A,
80090011-IF000000633,jr400rz0706,sul:ARS0018_0149-A,
80020013-IF000000065,sn939kn0441,sul:ARS0018_0152-A,
80020014-IF000000066,cv724my7589,sul:ARS0018_0153-A,
80020015-IF000000067,cn644tx0834,sul:ARS0018_0154-A,
80100018-IF000000721,sb135vh3378,sul:ARS0018_0155-A,
80030009-IF000000114,dk312dy4643,sul:ARS0018_0156-A,
80060005-IF000000388,ht421mx2229,sul:ARS0018_0159-A,
80090012-IF000000634,xb087qc9112,sul:ARS0018_0160-A,
80090013-IF000000635,mg498kh6705,sul:ARS0018_0162-A,
80080004-IF000000531,nv200gn6281,sul:ARS0018_0163-A,
80080005-IF000000532,vg062tr8744,sul:ARS0018_0164-A,
80080006-IF000000533,cc067ym6574,sul:ARS0018_0165-A,
80060006-IF000000389,xn090xd3870,sul:ARS0018_0166-A,
80060007-IF000000390,fz843hg9542,sul:ARS0018_0169-A,
80060008-IF000000391,rr892jr0824,sul:ARS0018_0171-A,
80080007-IF000000534,sz899vp9015,sul:ARS0018_0172-A,
80080008-IF000000535,gf582fh2588,sul:ARS0018_0173-A,
80020016-IF000000068,fq690yf8707,sul:ARS0018_0174-A,
80110001-IF000000799,fw158yj9345,sul:ARS0018_0175-A,
80110002-IF000000800,sm273wv0222,sul:ARS0018_0176-A,
80110003-IF000000801,hd753nd7731,sul:ARS0018_0177-A,
80110004-IF000000802,kn620my1537,sul:ARS0018_0178-A,
80110005-IF000000803,td692qz4501,sul:ARS0018_0179-A,
80110006-IF000000804,dn796vd0569,sul:ARS0018_0180-A,
80030010-IF000000115,yh126qj4344,sul:ARS0018_0181-A,
80030011-IF000000116,vx974xt7281,sul:ARS0018_0182-A,
80030012-IF000000117,xf762br8587,sul:ARS0018_0183-A,
80030013-IF000000118,pr411vg4671,sul:ARS0018_0185-A,
80100019-IF000000722,wq748sk9368,sul:ARS0018_0186-A,
80020017-IF000000069,jz688fz0142,sul:ARS0018_0187-A,
80050008-IF000000309,tt869xz2707,sul:ARS0018_0189-A,
80050009-IF000000310,kj568xm8819,sul:ARS0018_0191-A,
80050010-IF000000311,xn212vy3731,sul:ARS0018_0192-A,
80050011-IF000000312,kd767cw2079,sul:ARS0018_0193-A,
80090014-IF000000636,cv795fs1003,sul:ARS0018_0195-A,
80090015-IF000000637,ws914nd8884,sul:ARS0018_0197-A,
80070001-IF000000438,dc923bh8187,sul:ARS0018_0200-A,
80070002-IF000000439,zk039kd2188,sul:ARS0018_0202-A,
80070003-IF000000440,rx605mr1142,sul:ARS0018_0203-A,
80070004-IF000000441,cs909gp1665,sul:ARS0018_0207-A,
80050012-IF000000313,zn780qd8694,sul:ARS0018_0208-A,
80050013-IF000000314,mj827ky6635,sul:ARS0018_0209-A,
80030014-IF000000119,fy156fw0139,sul:ARS0018_0211-A,
80020018-IF000000070,kf922xf0914,sul:ARS0018_0213-A,
80070005-IF000000442,hh150nz1551,sul:ARS0018_0215-A,
80090016-IF000000638,kz883rj2588,sul:ARS0018_0216-A,
80020019-IF000000071,pq948dd3546,sul:ARS0018_0217-A,
80110007-IF000000805,xg697nr1447,sul:ARS0018_0219-A,
80110008-IF000000806,yb702pv6509,sul:ARS0018_0220-A,
80120035-IF000001079,ys529gw7556,sul:ARS0018_0223-A,
80110009-IF000000807,nn349yq9630,sul:ARS0018_0224-A,
80110010-IF000000808,tz779zd5712,sul:ARS0018_0225-A,
80090017-IF000000639,sw401ym0965,sul:ARS0018_0226-A,
80110011-IF000000809,ky219zp9832,sul:ARS0018_0233-A,
80030015-IF000000120,jm959dq2318,sul:ARS0018_0234-A,
80040017-IF000000180,qp610xk6621,sul:ARS0018_0239-A,
80040018-IF000000181,mj471bf3485,sul:ARS0018_0240-A,
80040019-IF000000182,hn768jj6394,sul:ARS0018_0241-A,
80040020-IF000000183,yz600hn9727,sul:ARS0018_0242-A,
80110012-IF000000810,qc696tq6002,sul:ARS0018_0244-A,
80080009-IF000000536,js315gd1132,sul:ARS0018_0245-A,
80050014-IF000000315,yt699zc1086,sul:ARS0018_0246-A,
80080010-IF000000537,zp055fv1498,sul:ARS0018_0247-A,
80050015-IF000000316,xq125vf9346,sul:ARS0018_0248-A,
80050016-IF000000317,hd691md6546,sul:ARS0018_0250-A,
80110013-IF000000811,jz381mm1827,sul:ARS0018_0252-A,
80110014-IF000000812,sm804yx3237,sul:ARS0018_0253-A,
80090018-IF000000640,nt149mr4382,sul:ARS0018_0256-A,
80070006-IF000000443,rz930dn2259,sul:ARS0018_0257-A,
80070007-IF000000444,pg723bw3438,sul:ARS0018_0259-A,
80020020-IF000000072,ty703rh7019,sul:ARS0018_0260-A,
80020021-IF000000073,jn965zt0609,sul:ARS0018_0261-A,
80050017-IF000000318,ts400nq2907,sul:ARS0018_0262-A,
80060009-IF000000392,sq351dn2302,sul:ARS0018_0264-A,
80100020-IF000000723,mt585my8126,sul:ARS0018_0265-A,
80020022-IF000000074,xj057px1109,sul:ARS0018_0266-A,
80110015-IF000000813,ks253vs6830,sul:ARS0018_0268-A,
80110016-IF000000814,hd175cw3655,sul:ARS0018_0269-A,
80110017-IF000000815,gr886kx6980,sul:ARS0018_0271-A,
80110018-IF000000816,fk066ph1863,sul:ARS0018_0275-A,
80110019-IF000000817,yz506hg1102,sul:ARS0018_0277-A,
80110020-IF000000818,cy251wj4091,sul:ARS0018_0281-A,
80080011-IF000000538,bs998pm2093,sul:ARS0018_0282-A,
80070008-IF000000445,cn646fc3678,sul:ARS0018_0285-A,
80070009-IF000000446,nz989pm2495,sul:ARS0018_0286-A,
80070010-IF000000447,yn082ks9055,sul:ARS0018_0288-A,
80080012-IF000000539,gx081tg9145,sul:ARS0018_0289-A,
80080013-IF000000540,tc016ds1868,sul:ARS0018_0291-A,
80020023-IF000000075,vp554kw3211,sul:ARS0018_0293-A,
80050018-IF000000319,sn616gy3514,sul:ARS0018_0294-A,
80050019-IF000000320,rs934sj6483,sul:ARS0018_0295-A,
80030016-IF000000121,bv164qh1974,sul:ARS0018_0296-A,
80080014-IF000000541,wg231ts2034,sul:ARS0018_0297-A,
80110021-IF000000819,vx996jd1638,sul:ARS0018_0298-A,
80070011-IF000000448,nh736qg5893,sul:ARS0018_0301-A,
80070012-IF000000449,vb597nr2746,sul:ARS0018_0303-A,
80070013-IF000000450,rw824vk8665,sul:ARS0018_0304-A,
80070014-IF000000451,gj192qt4236,sul:ARS0018_0305-A,
80060010-IF000000393,jk750yh3766,sul:ARS0018_0306-A,
80050020-IF000000321,kz125fm8994,sul:ARS0018_0307-A,
80060011-IF000000394,sz999yk1249,sul:ARS0018_0308-A,
80060012-IF000000395,qr840sq1050,sul:ARS0018_0309-A,
80020024-IF000000076,yd419pc2894,sul:ARS0018_0310-A,
80110022-IF000000820,sh632df7858,sul:ARS0018_0313-A,
80110023-IF000000821,wj037wj4974,sul:ARS0018_0314-A,
80110024-IF000000822,qg098bz6312,sul:ARS0018_0315-A,
80110025-IF000000823,cv884wc5836,sul:ARS0018_0317-A,
80110026-IF000000824,kq388pp6968,sul:ARS0018_0319-A,
80110027-IF000000825,vn211mb8854,sul:ARS0018_0320-A,
80110028-IF000000826,mf582mp2340,sul:ARS0018_0321-A,
80090019-IF000000641,mc273zd3110,sul:ARS0018_0322-A,
80030017-IF000000122,wz818gn2910,sul:ARS0018_0323-A,
80110029-IF000000827,dh433vc3600,sul:ARS0018_0325-A,
80050021-IF000000322,mq612hm5505,sul:ARS0018_0326-A,
80110030-IF000000828,zd861ng6126,sul:ARS0018_0329-A,
80030018-IF000001080,gc847mf6933,sul:ARS0018_0330-A,
80030019-IF000000123,zy119yq4390,sul:ARS0018_0332-A,
80080015-IF000000542,hr480zr4385,sul:ARS0018_0333-A,
80080016-IF000000543,rt760dk4772,sul:ARS0018_0334-A,
80080017-IF000000544,yz805db0007,sul:ARS0018_0335-A,
80030020-IF000000124,kn056hf2286,sul:ARS0018_0336-A,
80090020-IF000000642,yt622zm6917,sul:ARS0018_0337-A,
80020025-IF000000077,dh273pv7289,sul:ARS0018_0338-A,
80020026-IF000000078,zd654zp9546,sul:ARS0018_0339-A,
80070015-IF000000452,nf903rp8376,sul:ARS0018_0340-A,
80050023-IF000000324,kq878ky7643,sul:ARS0018_0341-A,
80060013-IF000000396,vp946bk6559,sul:ARS0018_0342-A,
80060014-IF000000397,qr926jv0237,sul:ARS0018_0343-A,
80110031-IF000000829,pk955fy4991,sul:ARS0018_0344-A,
80110032-IF000000830,km019yv2427,sul:ARS0018_0345-A,
80090021-IF000000643,zn935pn0362,sul:ARS0018_0347-A,
80110033-IF000000831,zy406wq3137,sul:ARS0018_0348-A,
80110034-IF000000832,tb464tp0116,sul:ARS0018_0351-A,
80110035-IF000000833,rf984bg6752,sul:ARS0018_0352-A,
80030021-IF000000125,wk033kd7853,sul:ARS0018_0353-A,
80030022-IF000000126,hm480wn2557,sul:ARS0018_0355-A,
80060015-IF000000398,mv037gy5014,sul:ARS0018_0356-A,
80110036-IF000000834,qm777td5073,sul:ARS0018_0357-A,
80020027-IF000000079,vv044yr6742,sul:ARS0018_0359-A,
80020028-IF000000080,pc341ry4542,sul:ARS0018_0360-A,
80070016-IF000000453,hj963gw2386,sul:ARS0018_0361-A,
80040021-IF000000184,pz799vf7611,sul:ARS0018_0362-A,
80030023-IF000000127,rm067pz0279,sul:ARS0018_0363-A,
80030024-IF000000128,kc912qv3809,sul:ARS0018_0364-A,
80090022-IF000000644,ky277xp3217,sul:ARS0018_0366-A,
80050024-IF000000325,rm464yz8277,sul:ARS0018_0367-A,
80050025-IF000000326,pw577ny6565,sul:ARS0018_0368-A,
80060016-IF000000399,nk887dn0119,sul:ARS0018_0369-A,
80090023-IF000000645,yn942fp5830,sul:ARS0018_0371-A,
80080018-IF000000545,zf455nm0607,sul:ARS0018_0372-A,
80110037-IF000000835,gv188qx7463,sul:ARS0018_0373-A,
80110038-IF000000836,kf449xm9889,sul:ARS0018_0374-A,
80110039-IF000000837,cv298xz4486,sul:ARS0018_0375-A,
80110040-IF000000838,kb350hm4962,sul:ARS0018_0376-A,
80100021-IF000000724,vj150dh6580,sul:ARS0018_0381-A,
80050026-IF000000327,hw637qj1336,sul:ARS0018_0382-A,
80040022-IF000000185,xv164kc7509,sul:ARS0018_0386-A,
80110041-IF000000839,by761rs0986,sul:ARS0018_0387-A,
80070017-IF000000454,cw275gg7441,sul:ARS0018_0403A-A,
80100022-IF000000725,yt920sc1483,sul:ARS0018_0404-A,
80100023-IF000000726,sz071bq5558,sul:ARS0018_0405-A,
80100024-IF000000727,cv413wc7294,sul:ARS0018_0406-A,
80070018-IF000000455,df017qq3293,sul:ARS0018_0414-A,
80070019-IF000000456,ft030wv6138,sul:ARS0018_0415-A,
80080019-IF000000546,dw085zv2262,sul:ARS0018_0420-A,
80080020-IF000000547,rm122pm6174,sul:ARS0018_0427-A,
80080021-IF000000548,rq450yj2927,sul:ARS0018_0429-A,
80080022-IF000000549,cd860rj5273,sul:ARS0018_0430-A,
80080023-IF000000550,gm146fq6000,sul:ARS0018_0443-A,
80080024-IF000000551,sq889jc3832,sul:ARS0018_0444-A,
80100025-IF000000728,rv876dn8425,sul:ARS0018_0463-A,
80100026-IF000000729,dz597kr2943,sul:ARS0018_0464-A,
80100027-IF000000730,yd129qr5601,sul:ARS0018_0465-A,
80100028-IF000000731,yn124dw8168,sul:ARS0018_0466-A,
80100029-IF000000732,by187vk8840,sul:ARS0018_0467-A,
80100030-IF000000733,qz575sh0857,sul:ARS0018_0471-A,
80110042-IF000000840,sw161dy2867,sul:ARS0018_0480-A,
80100031-IF000000734,ky001pd2658,sul:ARS0018_0483-A,
80100032-IF000000735,tz804pc2186,sul:ARS0018_0484-A,
80100033-IF000000736,tv081wf3609,sul:ARS0018_0487-A,
80100034-IF000000737,nr539fg2017,sul:ARS0018_0488-A,
80100035-IF000000738,cc238qc4918,sul:ARS0018_0489-A,
80100036-IF000000739,sf139mg4189,sul:ARS0018_0490-A,
80100037-IF000000740,ry161cn6808,sul:ARS0018_0491-A,
80100038-IF000000741,ss212dn4601,sul:ARS0018_0492-A,
80080025-IF000000552,qp983vn9851,sul:ARS0018_0497-A,
80100039-IF000000742,ny135mr9072,sul:ARS0018_0501-A,
8019046-IF000001416,pc157gk4972,sul:ARS0018_0517-A,
8019047-IF000001417,jh426yq3275,sul:ARS0018_0518-A,
80070020-IF000000457,qc294wf0485,sul:ARS0018_0519-A,
8019048-IF000001418,hk382zz1691,sul:ARS0018_0520-A,
8019049-IF000001419,wt176yx4418,sul:ARS0018_0521-A,
8019050-IF000001420,yx956qm2973,sul:ARS0018_0522-A,
8019051-IF000001421,br921fg3520,sul:ARS0018_0523-A,
8019052-IF000001422,ry566vz2384,sul:ARS0018_0524-A,
80030025-IF000000129,qm205cj5537,sul:ARS0018_0543-A,
80100040-IF000000743,tn592mr4374,sul:ARS0018_0544-A,
80100041-IF000000744,wf063yh0868,sul:ARS0018_0545-A,
80070021-IF000000458,zq652pk1428,sul:ARS0018_0546-A,
80030026-IF000000130,hz839sq7874,sul:ARS0018_0550-A,
80110043-IF000000841,xp191xc9771,sul:ARS0018_0551-A,
80080026-IF000000553,wt891yn5132,sul:ARS0018_0552-A,
80090024-IF000000646,xr601jm1381,sul:ARS0018_0558-A,
80100042-IF000000745,rv677kr2125,sul:ARS0018_0566-A,
80100043-IF000000746,fc494kj5607,sul:ARS0018_0567-A,
80080027-IF000000554,qg329ts8664,sul:ARS0018_0569-A,
80080028-IF000000555,sx139jh1496,sul:ARS0018_0573-A,
80090025-IF000000647,jn140yr1797,sul:ARS0018_0575-A,
80090026-IF000000648,rv223bz8286,sul:ARS0018_0579A-A,
80080029-IF000000556,dy775xk0720,sul:ARS0018_0606-A,
80070022-IF000000459,kh750pz4658,sul:ARS0018_0607-A,
80090027-IF000000649,mk601gg3277,sul:ARS0018_0608-A,
80080030-IF000000557,hg648cr3841,sul:ARS0018_0610-A,
80070023-IF000000460,gk409gf2298,sul:ARS0018_0613-A,
80070024-IF000000461,ky149yp7782,sul:ARS0018_0614-A,
80100044-IF000000747,gf610xs6258,sul:ARS0018_0620-A,
80100045-IF000000748,yd288tp7115,sul:ARS0018_0621-A,
80050027-IF000000328,jm908mg3571,sul:ARS0018_0624-A,
80050028-IF000000329,df504kj2178,sul:ARS0018_0625-A,
80050029-IF000000330,qb930rv4199,sul:ARS0018_0626-A,
80110044-IF000000842,kx929wk0296,sul:ARS0018_0627-A,
80110045-IF000000843,sv152sv0947,sul:ARS0018_0628-A,
80110046-IF000000844,ph203gy8459,sul:ARS0018_0629-A,
80090028-IF000000650,px886fm4301,sul:ARS0018_0630-A,
80110047-IF000000845,rf426fx8155,sul:ARS0018_0631-A,
80080031-IF000000558,ws860ws9988,sul:ARS0018_0632-A,
80030027-IF000000131,zp005rs0248,sul:ARS0018_0633-A,
80030028-IF000000132,hm249sd7401,sul:ARS0018_0634-A,
80020029-IF000000081,gy792dc6876,sul:ARS0018_0635-A,
80020030-IF000000082,pf810fp5532,sul:ARS0018_0636-A,
80110048-IF000000846,bh685wr2639,sul:ARS0018_0637-A,
80050030-IF000000331,pk339mx3063,sul:ARS0018_0638-A,
80040023-IF000000186,zq138bn3929,sul:ARS0018_0639-A,
80050031-IF000000332,qv554tz3038,sul:ARS0018_0640-A,
80050032-IF000000333,mv345ft3210,sul:ARS0018_0641-A,
80110049-IF000000847,px151sz0218,sul:ARS0018_0642-A,
80050033-IF000000334,hr901cy1000,sul:ARS0018_0643-A,
80050034-IF000000335,jt360bq7479,sul:ARS0018_0644-A,
80050035-IF000000336,hz868js3274,sul:ARS0018_0645-A,
80050036-IF000000337,pr246kp1186,sul:ARS0018_0646-A,
80110050-IF000000848,jp242xn4420,sul:ARS0018_0647-A,
80110051-IF000000849,jc341vq5405,sul:ARS0018_0648-A,
80080032-IF000000559,wn392ky2023,sul:ARS0018_0650-A,
80050037-IF000000338,rf669fy8524,sul:ARS0018_0651-A,
80050038-IF000000339,yw370vs0754,sul:ARS0018_0652-A,
80030029-IF000000133,cs285hj3489,sul:ARS0018_0653-A,
80030030-IF000000134,qg072pj9814,sul:ARS0018_0654-A,
80030031-IF000000135,kq805pr7012,sul:ARS0018_0655-A,
80090029-IF000000651,ft569qg7601,sul:ARS0018_0656-A,
80080033-IF000000560,ds529dm8243,sul:ARS0018_0657-A,
80080034-IF000000561,cp503ty3433,sul:ARS0018_0658-A,
80050039-IF000000340,qz809zz3341,sul:ARS0018_0659-A,
80080035-IF000000562,cb899rb1180,sul:ARS0018_0660-A,
80080036-IF000000563,bb947nm8958,sul:ARS0018_0661-A,
80090030-IF000000652,qz733zt0549,sul:ARS0018_0662-A,
80090031-IF000000653,cj536gs5888,sul:ARS0018_0663-A,
80050040-IF000000341,dy606bz3718,sul:ARS0018_0664-A,
80050041-IF000000342,rx739tb6498,sul:ARS0018_0665-A,
80060017-IF000000400,mg587mq2909,sul:ARS0018_0666-A,
80060018-IF000000401,zp420cs6556,sul:ARS0018_0667-A,
80060019-IF000000402,zr102rp5276,sul:ARS0018_0668-A,
80060020-IF000000403,nc676fd8776,sul:ARS0018_0669-A,
80110052-IF000000850,rk238nd6819,sul:ARS0018_0670-A,
80110053-IF000000851,st276xc6356,sul:ARS0018_0671-A,
80110054-IF000000852,zk953kf2681,sul:ARS0018_0672-A,
80110055-IF000000853,sz753wb5205,sul:ARS0018_0673-A,
80110056-IF000000854,zw410cg9414,sul:ARS0018_0674-A,
80040024-IF000000187,vp001mm6393,sul:ARS0018_0675-A,
80040025-IF000000188,sp107ds3555,sul:ARS0018_0676-A,
80070025-IF000000462,nj137wf0158,sul:ARS0018_0677-A,
80070026-IF000000463,bb083xk0373,sul:ARS0018_0678-A,
80110057-IF000000855,kq003yj1030,sul:ARS0018_0679-A,
80110058-IF000000856,yz596fx9035,sul:ARS0018_0680-A,
80090032-IF000000654,gb969wz9083,sul:ARS0018_0681-A,
80090033-IF000000655,gf994tf8968,sul:ARS0018_0682-A,
80090034-IF000000656,vb087tj3666,sul:ARS0018_0683-A,
80110059-IF000000857,mv328vy5266,sul:ARS0018_0684-A,
80020031-IF000000083,zx555rb6435,sul:ARS0018_0685-A,
80020032-IF000000084,dk933sk2217,sul:ARS0018_0686-A,
80110060-IF000000858,bf568gv0097,sul:ARS0018_0687-A,
80050042-IF000000343,jh439pn2504,sul:ARS0018_0688-A,
80050043-IF000000344,rb533st5153,sul:ARS0018_0689-A,
80090035-IF000000657,mj209tg2315,sul:ARS0018_0690-A,
80110061-IF000000859,bp192xp0161,sul:ARS0018_0691-A,
80110062-IF000000860,hv302dp1664,sul:ARS0018_0692-A,
80110063-IF000000861,yp635hk3505,sul:ARS0018_0693-A,
80090036-IF000000658,cn660ds1921,sul:ARS0018_0694-A,
80080037-IF000000564,ky037zh8969,sul:ARS0018_0695-A,
80080038-IF000000565,yd315td8452,sul:ARS0018_0696-A,
80080039-IF000000566,zr006sc2951,sul:ARS0018_0697-A,
80060021-IF000000404,dh363ng7750,sul:ARS0018_0698-A,
80060022-IF000000405,wn925nq7189,sul:ARS0018_0699-A,
80070027-IF000000464,zh069cy1459,sul:ARS0018_0700-A,
80070028-IF000000465,pf462fm6627,sul:ARS0018_0701-A,
80080040-IF000000567,mv442cb5251,sul:ARS0018_0702-A,
80030032-IF000000136,sz701zq9067,sul:ARS0018_0703-A,
80030033-IF000000137,rp857cf0063,sul:ARS0018_0704-A,
80100046-IF000000749,cc345sf2465,sul:ARS0018_0705-A,
80020033-IF000000085,gd449kv7526,sul:ARS0018_0706-A,
80020034-IF000000086,gh715xc7517,sul:ARS0018_0707-A,
80020035-IF000000087,mf479fg5210,sul:ARS0018_0708-A,
80100047-IF000000750,cw218qx5928,sul:ARS0018_0709-A,
80080041-IF000000568,kx470wf0220,sul:ARS0018_0710-A,
80070029-IF000000466,db533yg5127,sul:ARS0018_0711-A,
80090037-IF000000659,zd984vd8538,sul:ARS0018_0712-A,
80100048-IF000000751,xq366cz7562,sul:ARS0018_0713-A,
80090038-IF000000660,nb743sm7737,sul:ARS0018_0714-A,
80030034-IF000000138,qw058px7353,sul:ARS0018_0715-A,
80030035-IF000000139,ht958dj9166,sul:ARS0018_0716-A,
80050044-IF000000345,qr174sq1068,sul:ARS0018_0717-A,
80050045-IF000000346,yg045rf5161,sul:ARS0018_0718-A,
80020036-IF000000088,vt981mj9214,sul:ARS0018_0719-A,
80020037-IF000000089,zy816pb9840,sul:ARS0018_0720-A,
80070030-IF000000467,xt871hy2227,sul:ARS0018_0721-A,
80050046-IF000000347,pw397js4127,sul:ARS0018_0722-A,
80050047-IF000000348,fg005cn5705,sul:ARS0018_0723-A,
80060023-IF000000406,nr368zy5869,sul:ARS0018_0724-A,
80090039-IF000000661,jx028kr7071,sul:ARS0018_0725-A,
80070031-IF000000468,xj626mx4472,sul:ARS0018_0726-A,
80060024-IF000000407,fy196st8740,sul:ARS0018_0727-A,
80070032-IF000000469,rv480th9318,sul:ARS0018_0728-A,
80070033-IF000000470,zr520dh2707,sul:ARS0018_0729-A,
80090040-IF000000662,nd621vy2126,sul:ARS0018_0730-A,
80090041-IF000000663,mx288sk7486,sul:ARS0018_0731-A,
80110064-IF000000862,kv578dh7027,sul:ARS0018_0732-A,
80110065-IF000000863,ts264pd0204,sul:ARS0018_0733-A,
80050048-IF000000349,yd992wn0327,sul:ARS0018_0734-A,
80040026-IF000000189,sv299jn8687,sul:ARS0018_0735-A,
80090042-IF000000664,vm787kt4418,sul:ARS0018_0736-A,
80090043-IF000000665,tc244ct2614,sul:ARS0018_0737-A,
80090044-IF000000666,bg940ch9223,sul:ARS0018_0738-A,
80020038-IF000000090,nw960dd2085,sul:ARS0018_0739-A,
80020039-IF000000091,mv883jh8882,sul:ARS0018_0740-A,
80040027-IF000000190,xh015dd8805,sul:ARS0018_0741-A,
80070034-IF000000471,zh899dt3706,sul:ARS0018_0742-A,
80030036-IF000000140,gr940cz4997,sul:ARS0018_0743-A,
80070035-IF000000472,sx516zq1530,sul:ARS0018_0744-A,
80070036-IF000000473,cn252wk1862,sul:ARS0018_0745-A,
80050049-IF000000350,ck593wc6896,sul:ARS0018_0746-A,
80020040-IF000000092,ph081wc1662,sul:ARS0018_0747-A,
80070037-IF000000474,sf968fp9931,sul:ARS0018_0748-A,
80100049-IF000000752,gr773rr3620,sul:ARS0018_0749-A,
80050050-IF000000351,jg721gy5736,sul:ARS0018_0750-A,
80050051-IF000000352,qk162rk2637,sul:ARS0018_0751-A,
80050052-IF000000353,td429qx0383,sul:ARS0018_0752-A,
80080042-IF000000569,nj765sk2627,sul:ARS0018_0753-A,
80080043-IF000000570,fq645kz3994,sul:ARS0018_0754-A,
80080044-IF000000571,dq611mn6455,sul:ARS0018_0755-A,
80050053-IF000000354,fv389vg5191,sul:ARS0018_0756-A,
80050054-IF000000355,gh899ds8988,sul:ARS0018_0757-A,
80070038-IF000000475,pk394fm7127,sul:ARS0018_0758-A,
80020041-IF000000093,hz205xz8245,sul:ARS0018_0759-A,
80070039-IF000000476,nh120xb4309,sul:ARS0018_0760-A,
80060025-IF000000408,bm249fh7272,sul:ARS0018_0761-A,
80060026-IF000000409,sp245jv3976,sul:ARS0018_0762-A,
80120001-IF000000905,rr176mb4001,sul:ARS0018_0763-A,
80120002-IF000000906,hn891bt1164,sul:ARS0018_0764-A,
80120003-IF000000907,mm275sf3146,sul:ARS0018_0765-A,
80120004-IF000000908,wg719wm7686,sul:ARS0018_0766-A,
80050055-IF000000356,hk252yr7743,sul:ARS0018_0767-A,
80050056-IF000000357,cy411sd4390,sul:ARS0018_0768-A,
80050057-IF000000358,qb137rs0442,sul:ARS0018_0769-A,
80080045-IF000000572,bg251hh9267,sul:ARS0018_0770-A,
80090045-IF000000667,rd655tc4690,sul:ARS0018_0771-A,
80060027-IF000000410,kz441qb9420,sul:ARS0018_0772-A,
80060028-IF000000411,jz043dv9404,sul:ARS0018_0773-A,
80120005-IF000000909,yy303yk0112,sul:ARS0018_0784-A,
80120006-IF000000910,pn344gj3236,sul:ARS0018_0788-A,
80070040-IF000000477,zp327cb1993,sul:ARS0018_0790-A,
80070041-IF000000478,jq658kp4286,sul:ARS0018_0791-A,
80040028-IF000000191,yx512yn2470,sul:ARS0018_0792-A,
80040029-IF000000192,gn246cj7288,sul:ARS0018_0793-A,
80080046-IF000000573,yy606wq0152,sul:ARS0018_0794-A,
80120008-IF000000911,bc655pr6142,sul:ARS0018_0795-A,
80070043-IF000000480,cf876bw2327,sul:ARS0018_0797-A,
80080047-IF000000574,hs473yx1667,sul:ARS0018_0798-A,
80070044-IF000000481,gf038fr8792,sul:ARS0018_0800-A,
80070045-IF000000482,yk450ns3819,sul:ARS0018_0801-A,
80120011-IF000000912,qj459kk1760,sul:ARS0018_0804-A,
80120012-IF000000913,zf410hx9178,sul:ARS0018_0805-A,
80050058-IF000000359,dx144mz4681,sul:ARS0018_0806-A,
80120013-IF000000914,fh786qk5739,sul:ARS0018_0809-A,
80060029-IF000000412,wj421xc0012,sul:ARS0018_0810-A,
80050059-IF000000360,xc568yy0084,sul:ARS0018_0811-A,
80050060-IF000000361,kk991dk5571,sul:ARS0018_0812-A,
80070046-IF000000483,pm856pf5239,sul:ARS0018_0814-A,
80040030-IF000000193,dg382wk4623,sul:ARS0018_0816-A,
80060030-IF000000413,sx302gm8827,sul:ARS0018_0818-A,
80050061-IF000000362,vz701pp7929,sul:ARS0018_0820-A,
80050062-IF000000363,hv369xd1322,sul:ARS0018_0822-A,
80050063-IF000000364,hb436kz7965,sul:ARS0018_0824-A,
80090046-IF000000668,pt016xx0364,sul:ARS0018_0826-A,
80060031-IF000000414,fp600zb5423,sul:ARS0018_0828-A,
80040031-IF000000194,qv624jz3690,sul:ARS0018_0830-A,
80050064-IF000000365,hn407bv6432,sul:ARS0018_0834-A,
80050065-IF000000366,zz605zb0028,sul:ARS0018_0836-A,
80050066-IF000000367,zt907gb8255,sul:ARS0018_0838-A,
80050067-IF000000368,kz234pq8081,sul:ARS0018_0840-A,
80090047-IF000000669,jv422gs1534,sul:ARS0018_0842-A,
80080048-IF000000575,my451kx3269,sul:ARS0018_0844-A,
80020042-IF000000094,hn571fk3320,sul:ARS0018_0845-A,
80020043-IF000000095,kv116xm5045,sul:ARS0018_0846-A,
80050068-IF000000369,ww385gn6552,sul:ARS0018_0847-A,
80100050-IF000000753,ny332qg4286,sul:ARS0018_0848-A,
80100051-IF000000754,jw395cw8584,sul:ARS0018_0849-A,
80100052-IF000000755,vx713hk8934,sul:ARS0018_0850-A,
80080049-IF000000576,ds607xd9418,sul:ARS0018_0851-A,
80090048-IF000000670,fc521tb1137,sul:ARS0018_0852-A,
80090049-IF000000671,kv060yw7281,sul:ARS0018_0853-A,
80100053-IF000000756,xp002ff4980,sul:ARS0018_0854-A,
80100054-IF000000757,pn509bh4967,sul:ARS0018_0855-A,
80080050-IF000000577,nx992vn1764,sul:ARS0018_0856-A,
80040032-IF000000195,ff900xp5955,sul:ARS0018_0857-A,
80040033-IF000000196,jk163qs2438,sul:ARS0018_0858-A,
80070047-IF000000484,jk600kx1664,sul:ARS0018_0859-A,
80040034-IF000000197,wy449gg4626,sul:ARS0018_0860-A,
80080051-IF000000578,dy233wt7775,sul:ARS0018_0862-A,
80070048-IF000000485,xk544vf5932,sul:ARS0018_0863-A,
80070049-IF000000486,jw579vm6245,sul:ARS0018_0864-A,
80070050-IF000000487,zs533jz8954,sul:ARS0018_0865-A,
80070051-IF000000488,pw045px5261,sul:ARS0018_0866-A,
80110066-IF000000864,sk625tg9598,sul:ARS0018_0867-A,
80110067-IF000000865,bz769vv2152,sul:ARS0018_0868-A,
80110068-IF000000866,qy159qd5220,sul:ARS0018_0869-A,
80080052-IF000000579,km438ws9163,sul:ARS0018_0870-A,
80080053-IF000000580,jf632cb7927,sul:ARS0018_0871-A,
80080054-IF000000581,fc988dh2226,sul:ARS0018_0872-A,
80070052-IF000000489,jf752ny9928,sul:ARS0018_0873-A,
80070053-IF000000490,fv814ts9521,sul:ARS0018_0874-A,
80030037-IF000000141,bx323mj9304,sul:ARS0018_0875-A,
80110069-IF000000867,zg207mg8913,sul:ARS0018_0877-A,
80110069-IF000000868,vr067nq7280,sul:ARS0018_0877-B,
80030038-IF000000142,jb333xm3247,sul:ARS0018_0879-A,
80080055-IF000000582,dr502wy0211,sul:ARS0018_0880-A,
80080055-IF000000583,zj801ms4171,sul:ARS0018_0880-B,
80070054-IF000000491,qt802pn3397,sul:ARS0018_0881-A,
80070054-IF000000492,qf814fy1583,sul:ARS0018_0881-B,
80070055-IF000000493,tn410wb4521,sul:ARS0018_0882-A,
80070055-IF000000494,mp062xg8075,sul:ARS0018_0882-B,
80080056-IF000000584,dv275qg8858,sul:ARS0018_0883-A,
80080056-IF000000585,qb484qp2499,sul:ARS0018_0883-B,
80080057-IF000000586,yy243cx0069,sul:ARS0018_0884-A,
80080057-IF000000587,zx522hq0354,sul:ARS0018_0884-B,
80070056-IF000000495,qq803js6223,sul:ARS0018_0885-A,
80070056-IF000000496,bf630ct2138,sul:ARS0018_0885-B,
80070057-IF000000497,ph792jt5861,sul:ARS0018_0886-A,
80070057-IF000000498,md346cs9603,sul:ARS0018_0886-B,
80070058-IF000000499,st520ng1478,sul:ARS0018_0887-A,
80070058-IF000000500,jq770cx5663,sul:ARS0018_0887-B,
80020044-IF000000096,wf089kt5977,sul:ARS0018_0888-A,
80020044-IF000000097,sc955yz6344,sul:ARS0018_0888-B,
80020045-IF000000098,dr941qd4983,sul:ARS0018_0889-A,
80020045-IF000000099,rt494sy0796,sul:ARS0018_0889-B,
80070059-IF000000501,jb797qc7416,sul:ARS0018_0890-A,
80070059-IF000000502,bt692yk0763,sul:ARS0018_0890-B,
80070060-IF000000503,wy596wv8734,sul:ARS0018_0891-A,
80070060-IF000000504,wg953mn2490,sul:ARS0018_0891-B,
80070061-IF000000505,fk501qh7918,sul:ARS0018_0892-A,
80070061-IF000000506,rd713hk0737,sul:ARS0018_0892-B,
80070062-IF000000507,hv325xj6931,sul:ARS0018_0893-A,
80070062-IF000000508,cy358bg9696,sul:ARS0018_0893-B,
80070063-IF000000509,dh283ks6524,sul:ARS0018_0894-A,
80070063-IF000000510,jc987kq8212,sul:ARS0018_0894-B,
80100055-IF000000758,gr952vd4094,sul:ARS0018_0895-A,
80100055-IF000000759,gy150yz3978,sul:ARS0018_0895-B,
80070064-IF000000511,sn778pb2107,sul:ARS0018_0896-A,
80070064-IF000000512,hm919jw5356,sul:ARS0018_0896-B,
80070065-IF000000513,jn143sg2980,sul:ARS0018_0897-A,
80070065-IF000000514,kj460jg8528,sul:ARS0018_0897-B,
80080058-IF000000588,my493qb7699,sul:ARS0018_0898-A,
80080059-IF000000589,kc916nm6123,sul:ARS0018_0899-A,
80070066-IF000000515,mk654cp3702,sul:ARS0018_0900-A,
80070066-IF000000516,mp627gj5767,sul:ARS0018_0900-B,
80100056-IF000000760,qs312ts4324,sul:ARS0018_0901-A,
80100056-IF000000761,vx997qr6372,sul:ARS0018_0901-B,
80070067-IF000000517,kx686gc1738,sul:ARS0018_0902-A,
80070067-IF000000518,jw397bf8583,sul:ARS0018_0902-B,
80030039-IF000000143,zf587jy9854,sul:ARS0018_0903-A,
80030039-IF000000144,jp251kc8107,sul:ARS0018_0903-B,
80020046-IF000000100,pr012kc1879,sul:ARS0018_0904-A,
80020046-IF000000101,wc488xc9692,sul:ARS0018_0904-B,
80020047-IF000000102,cn987kf4396,sul:ARS0018_0905-A,
80020047-IF000000103,nj031rd2611,sul:ARS0018_0905-B,
80100057-IF000000762,rw506fn1884,sul:ARS0018_0906-A,
80100057-IF000000763,bn763cg3609,sul:ARS0018_0906-B,
80080060-IF000000590,qc438yx4122,sul:ARS0018_0907-A,
80080060-IF000000591,zg251fm1542,sul:ARS0018_0907-B,
80080061-IF000000592,js560cv0300,sul:ARS0018_0908-A,
80080061-IF000000593,rz895dd9012,sul:ARS0018_0908-B,
80080062-IF000000594,wt437nf2708,sul:ARS0018_0909-A,
80080062-IF000000595,sx769fk1086,sul:ARS0018_0909-B,
80060032-IF000000415,rk629pj2532,sul:ARS0018_0910-A,
80080063-IF000000596,yy816dn1283,sul:ARS0018_0911-A,
80070068-IF000000519,zj379ff0823,sul:ARS0018_0912-A,
80080064-IF000000597,pm586dq3817,sul:ARS0018_0913-A,
80040035-IF000000198,zj693tw1991,sul:ARS0018_0914-A,
80040035-IF000000199,vr279sk4218,sul:ARS0018_0914-B,
80020048-IF000000200,cr791qc3504,sul:ARS0018_0915-A,
80020048-IF000000201,bp882zr9154,sul:ARS0018_0915-B,
80040036-IF000000202,dn345vc7124,sul:ARS0018_0916-A,
80040036-IF000000203,hq203cn2418,sul:ARS0018_0916-B,
80040037-IF000000204,zh847zy7025,sul:ARS0018_0917-A,
80040037-IF000000205,mr064vs7733,sul:ARS0018_0917-B,
80040038-IF000000206,qh151rx8337,sul:ARS0018_0918-A,
80040038-IF000000207,wz549wk9802,sul:ARS0018_0918-B,
80040039-IF000000208,rt795mc6385,sul:ARS0018_0919-A,
80040039-IF000000209,yp133jy4487,sul:ARS0018_0919-B,
80040040-IF000000210,xr095pg5798,sul:ARS0018_0920-A,
80040040-IF000000211,rw377cp9623,sul:ARS0018_0920-B,
80040041-IF000000212,cm876qb6324,sul:ARS0018_0921-A,
80040041-IF000000213,xh610ht4671,sul:ARS0018_0921-B,
80040042-IF000000214,zb167bv8115,sul:ARS0018_0922-A,
80040042-IF000000215,dh851fr2381,sul:ARS0018_0922-B,
80040043-IF000000216,ty161sq0586,sul:ARS0018_0923-A,
80040043-IF000000217,cy082ng5011,sul:ARS0018_0923-B,
80040044-IF000000218,mk169cp7920,sul:ARS0018_0924-A,
80040044-IF000000219,wx412mb5120,sul:ARS0018_0924-B,
80080065-IF000000598,br994db3204,sul:ARS0018_0925-A,
80080066-IF000000599,nx817py1801,sul:ARS0018_0926-A,
80090050-IF000000672,bv254th8382,sul:ARS0018_0927-A,
80070069-IF000000520,xv474rj1880,sul:ARS0018_0928-A,
80090051-IF000000673,fb408cz8230,sul:ARS0018_0929-A,
80020049-IF000000104,nb841qm9775,sul:ARS0018_0930-A,
80090052-IF000000674,cc286qn9412,sul:ARS0018_0931-A,
80020050-IF000000105,bx780pv6361,sul:ARS0018_0932-A,
80070070-IF000000521,yz668cb5067,sul:ARS0018_0933-A,
80090053-IF000000675,dj357sp2896,sul:ARS0018_0934-A,
80030040-IF000000145,gt212hf7574,sul:ARS0018_0935-A,
80080067-IF000000600,vy084hz3309,sul:ARS0018_0936-A,
80080068-IF000000601,fn083hp6235,sul:ARS0018_0941-A,
80030041-IF000000146,fg082gy3566,sul:ARS0018_0942-A,
80030042-IF000000147,qb559ck6160,sul:ARS0018_0943-A,
80090054-IF000000676,yh084qn1513,sul:ARS0018_0944-A,
80110070-IF000000869,xy377mq3307,sul:ARS0018_0945-A,
80110070-IF000000870,nw083mr3432,sul:ARS0018_0945-B,
80110071-IF000000871,dd014kb9647,sul:ARS0018_0946-A,
80110071-IF000000872,zf914cw3838,sul:ARS0018_0946-B,
80110072-IF000000873,jy824ch9591,sul:ARS0018_0947-A,
80110072-IF000000874,rv681jh4080,sul:ARS0018_0947-B,
80090055-IF000000677,gs885xx7262,sul:ARS0018_0948-A,
80090056-IF000000678,fw887hx7238,sul:ARS0018_0949-A,
80110073-IF000000875,cf779sh6418,sul:ARS0018_0950-A,
80040045-IF000000220,qb610qh8955,sul:ARS0018_0951-A,
80090057-IF000000679,mg256bt2648,sul:ARS0018_0952-A,
80090058-IF000000680,cp164px7558,sul:ARS0018_0953-A,
80090059-IF000000681,cf165mz3935,sul:ARS0018_0954-A,
80030043-IF000000148,yg275nb9091,sul:ARS0018_0955-A,
80030044-IF000000149,cg336jd0160,sul:ARS0018_0956-A,
80110074-IF000000876,dv247gd0163,sul:ARS0018_0957-A,
80110075-IF000000877,tw269pc5773,sul:ARS0018_0958-A,
80110076-IF000000878,xv251cv3508,sul:ARS0018_0959-A,
80110077-IF000000879,tp718bd4740,sul:ARS0018_0960-A,
80030045-IF000000150,fc603wk6616,sul:ARS0018_0961-A,
80030046-IF000000151,yt349wg5603,sul:ARS0018_0962-A,
80090060-IF000000682,qc972sg6014,sul:ARS0018_0963-A,
80090061-IF000000683,vz124nm3031,sul:ARS0018_0964-A,
80100058-IF000000764,yz756zy1336,sul:ARS0018_0969-A,
80080069-IF000000602,qw411xn5021,sul:ARS0018_0970-A,
80110078-IF000000880,gt715nk4048,sul:ARS0018_0971-A,
80090062-IF000000684,hw641gy3814,sul:ARS0018_0972-A,
80090063-IF000000685,hj093my7115,sul:ARS0018_0973-A,
80070071-IF000000522,nz058cr2151,sul:ARS0018_0974-A,
80070072-IF000000523,pz822gn2562,sul:ARS0018_0975-A,
80070073-IF000000524,nn962qy6582,sul:ARS0018_0976-A,
80020051-IF000000106,jk361gb7292,sul:ARS0018_0977-A,
80090064-IF000000686,xz560yp4845,sul:ARS0018_0978-A,
80100059-IF000000765,st221rx3251,sul:ARS0018_0979-A,
80110079-IF000000881,yy575ms7706,sul:ARS0018_0980-A,
80110080-IF000000882,hv570wx5158,sul:ARS0018_0981-A,
80110081-IF000000883,rx799wt0841,sul:ARS0018_0982-A,
80110082-IF000000884,tk521ns8467,sul:ARS0018_0983-A,
80070074-IF000000525,dv830hx6010,sul:ARS0018_0984-A,
80070075-IF000000526,dr803tc1625,sul:ARS0018_0985-A,
80030047-IF000000152,sk797gw5071,sul:ARS0018_0986-A,
80030048-IF000000153,dh345hw4407,sul:ARS0018_0987-A,
80080070-IF000000603,bz883yr7817,sul:ARS0018_0988-A,
80120014-IF000000915,cj542zx9236,sul:ARS0018_1099-A,
80100060-IF000000766,kb714kr0332,sul:ARS0018_1103-A,
80050069-IF000000370,pc942hy2303,sul:ARS0018_1104-A,
80060033-IF000000416,mx963gp6011,sul:ARS0018_1105-A,
80080071-IF000000604,bq457zc2165,sul:ARS0018_1106-A,
80080072-IF000000605,wh124pd1813,sul:ARS0018_1107-A,
80050070-IF000000371,nr122fj3081,sul:ARS0018_1109-A,
80080073-IF000000606,sm702jp5370,sul:ARS0018_1111-A,
80060034-IF000000417,ky874yz1107,sul:ARS0018_1115-A,
80050071-IF000000372,fq304ns3880,sul:ARS0018_1117-A,
80080074-IF000000607,fr984rr6253,sul:ARS0018_1119-A,
80040046-IF000000221,dz256wj9797,sul:ARS0018_1121-A,
80080075-IF000000608,nv710pm4399,sul:ARS0018_1155-A,
80060035-IF000000418,xb008dr3392,sul:ARS0018_1157-A,
80060036-IF000000419,vq062vc0420,sul:ARS0018_1158-A,
80080076-IF000000609,tc580xv1929,sul:ARS0018_1160-A,
80080077-IF000000610,hx981yz7262,sul:ARS0018_1162-A,
80060037-IF000000420,rq124xt4046,sul:ARS0018_1164-A,
80090065-IF000000687,rp151pc2551,sul:ARS0018_1166-A,
80060038-IF000000421,xc402hn9568,sul:ARS0018_1168-A,
80050072-IF000000373,md026xs5546,sul:ARS0018_1170-A,
80050073-IF000000374,yz082ys4549,sul:ARS0018_1172-A,
80120036-IF000001082,px248tt9488,sul:ARS0018_1173-A,
80050074-IF000000375,tg819gq4084,sul:ARS0018_1176-A,
80080078-IF000000611,kf459kk9166,sul:ARS0018_1178-A,
80080079-IF000000612,mh536gf7127,sul:ARS0018_1180-A,
80120015-IF000000916,ft450bp9794,sul:ARS0018_1183-A,
80120015-IF000000917,ff392md5646,sul:ARS0018_1183-B,
80100061-IF000000767,vj632sw7669,sul:ARS0018_1184-A,
80100061-IF000000768,pj197zq6914,sul:ARS0018_1184-B,
80100062-IF000000769,vd248ks1194,sul:ARS0018_1185-A,
80100062-IF000000770,qk405qr5105,sul:ARS0018_1185-B,
80100063-IF000000771,cz700dj0487,sul:ARS0018_1186-A,
80100063-IF000000772,kj430fy9232,sul:ARS0018_1186-B,
80120016-IF000000918,vz874hv5753,sul:ARS0018_1187-A,
80120016-IF000000919,rs022cq2392,sul:ARS0018_1187-B,
80120017-IF000000920,yv159jr3729,sul:ARS0018_1188-A,
80120017-IF000000921,mb897pn4111,sul:ARS0018_1188-B,
80100064-IF000000773,jg574zw5192,sul:ARS0018_1189-A,
80120018-IF000000922,ty056hx3020,sul:ARS0018_1190-A,
80120018-IF000000923,hy019tg4212,sul:ARS0018_1190-B,
80120019-IF000000924,zr525ff6542,sul:ARS0018_1191-A,
80120019-IF000000925,kt137zn3029,sul:ARS0018_1191-B,
80100065-IF000000774,fw165xw1635,sul:ARS0018_1192-A,
80100065-IF000000775,bs410xn0936,sul:ARS0018_1192-B,
80120020-IF000000926,xy331kw4064,sul:ARS0018_1193-A,
80120020-IF000000927,tp523nd7059,sul:ARS0018_1193-B,
80100066-IF000000776,nk507jj0173,sul:ARS0018_1194-A,
80100066-IF000000777,yz560bp3707,sul:ARS0018_1194-B,
80100067-IF000000778,kh859bb0638,sul:ARS0018_1195-A,
80100067-IF000000779,st408wx3643,sul:ARS0018_1195-B,
80100068-IF000000780,sr125qb4242,sul:ARS0018_1196-A,
80100068-IF000000781,xf004zb1497,sul:ARS0018_1196-B,
80100069-IF000000782,jp440rd3083,sul:ARS0018_1197-A,
80100069-IF000000783,gf454fr9237,sul:ARS0018_1197-B,
80100070-IF000000784,zp805ds8370,sul:ARS0018_1198-A,
80100070-IF000000785,st989ps7651,sul:ARS0018_1198-B,
80100071-IF000000786,xd046nx6237,sul:ARS0018_1199-A,
80100071-IF000000787,kh938dm5841,sul:ARS0018_1199-B,
80120021-IF000000928,fv454xw5570,sul:ARS0018_1200-A,
80120021-IF000000929,hj095kd7841,sul:ARS0018_1200-B,
80120022-IF000000930,pk562yp9145,sul:ARS0018_1201-A,
80120022-IF000000931,gh181dt0576,sul:ARS0018_1201-B,
80120023-IF000000932,qh471jb6206,sul:ARS0018_1202-A,
80120023-IF000000933,fj568jw0861,sul:ARS0018_1202-B,
80120024-IF000000934,dt743bq4538,sul:ARS0018_1203-A,
80120024-IF000000935,jv218rn3180,sul:ARS0018_1203-B,
80120025-IF000000936,vz720rb1437,sul:ARS0018_1205-A,
80120025-IF000000937,wm984gc3012,sul:ARS0018_1205-B,
80120026-IF000000938,wf819hn9996,sul:ARS0018_1206-A,
80120026-IF000000939,cf627yc4763,sul:ARS0018_1206-B,
80120027-IF000000940,xq086mq1428,sul:ARS0018_1207-A,
80120027-IF000000941,yp752wh1255,sul:ARS0018_1207-B,
80120028-IF000000942,xc436gh8230,sul:ARS0018_1208-A,
80120028-IF000000943,rp855qd3965,sul:ARS0018_1208-B,
80120029-IF000000944,sn539cm0471,sul:ARS0018_1209-A,
80120029-IF000000945,jx161zp9923,sul:ARS0018_1209-B,
80120030-IF000000946,nd063gy9035,sul:ARS0018_1210-A,
80120030-IF000000947,bk051fv2304,sul:ARS0018_1210-B,
80120031-IF000000948,nr117cv7908,sul:ARS0018_1211-A,
80120031-IF000000949,wt832sf9838,sul:ARS0018_1211-B,
80120032-IF000000950,tp613md5091,sul:ARS0018_1212-A,
80120032-IF000000951,mn276wj7126,sul:ARS0018_1212-B,
80040048-IF000000222,kt725yz3463,sul:ARS0018_1213-A,
80040049-IF000000226,gt399jc7994,sul:ARS0018_1214-A,
80040050-IF000000230,bh368jw4151,sul:ARS0018_1215-A,
80040051-IF000000234,yg508dw2846,sul:ARS0018_1216-A,
80040052-IF000000238,mx934yb7965,sul:ARS0018_1217-A,
80040053-IF000000242,rb208dq2054,sul:ARS0018_1218-A,
80040054-IF000000246,ng881dm3036,sul:ARS0018_1219-A,
80040055-IF000000250,ym318yj6272,sul:ARS0018_1220-A,
80040056-IF000000254,mw039zk7108,sul:ARS0018_1221-A,
80040057-IF000000258,sh996pf2436,sul:ARS0018_1222-A,
80040058-IF000000262,fg277mj6344,sul:ARS0018_1223-A,
80040059-IF000000266,rg136pj3700,sul:ARS0018_1224-A,
80040060-IF000000270,wb312fg6966,sul:ARS0018_1225-A,
80040061-IF000000274,br371yw1699,sul:ARS0018_1226-A,
80040062-IF000000278,qn641fw0780,sul:ARS0018_1227-A,
80040063-IF000000282,sc932nm3165,sul:ARS0018_1228-A,
80040064-IF000000286,gf323zb6643,sul:ARS0018_1229-A,
80040065-IF000000290,zd287rt1199,sul:ARS0018_1230-A,
80040066-IF000000294,gj620fg8240,sul:ARS0018_1231-A,
80040067-IF000000298,rg048xd9373,sul:ARS0018_1232-A,
80080080-IF000000613,rj859zv1766,sul:ARS0018_1303-A,
80060040-IF000000422,cn189bp1192,sul:ARS0018_1304-A,
80120033-IF000000952,pv397nz2837,sul:ARS0018_1305-A,
80060041-IF000000423,qy062xb7577,sul:ARS0018_1306-A,
80050075-IF000000376,mb444pw6414,sul:ARS0018_1308-A,
80060042-IF000000424,dt475pf7816,sul:ARS0018_1310-A,
80060043-IF000000425,dj782tg6973,sul:ARS0018_1312-A,
80050076-IF000000377,kc432zx7592,sul:ARS0018_1314-A,
80060044-IF000000426,yh305kf2301,sul:ARS0018_1315-A,
80050077-IF000000378,fd722pb8976,sul:ARS0018_1318-A,
80050078-IF000000379,yg645kz3743,sul:ARS0018_1319-A,
80080081-IF000000614,hx839tb3400,sul:ARS0018_1321-A,
80080082-IF000000615,sw679rm6663,sul:ARS0018_1322-A,
80100072-IF000001083,fb738dz7899,sul:ARS0018_1323-A,
80100073-IF000000788,nw181rg7505,sul:ARS0018_1324-A,
80080083-IF000000616,hy473kt8027,sul:ARS0018_1325-A,
80080084-IF000001081,yy185fn7265,sul:ARS0018_1326-A,
80080085-IF000000617,xw924nq7784,sul:ARS0018_1327-A,
80090066-IF000000688,vd421pb0335,sul:ARS0018_1328-A,
80090067-IF000000689,fs684my8874,sul:ARS0018_1329-A,
80090068-IF000000690,jj610vt3293,sul:ARS0018_1330-A,
80050079-IF000000380,hf464sn5007,sul:ARS0018_1374-A,
80060045-IF000000427,zq680tm6788,sul:ARS0018_1376-A,
80060046-IF000000428,dq825dz2330,sul:ARS0018_1378-A,
80100074-IF000000789,hw270sr3100,sul:ARS0018_1380-A,
80080086-IF000000618,wf227nf1972,sul:ARS0018_1382-A,
80100075-IF000000790,jp704ty1785,sul:ARS0018_1384-A,
80050080-IF000000381,hr209zb8877,sul:ARS0018_1386-A,
80090069-IF000000691,tm511hx7918,sul:ARS0018_1388-A,
80080087-IF000000619,jj865gw8106,sul:ARS0018_1390-A,
80060047-IF000000429,vd736qn8892,sul:ARS0018_1392-A,
80090070-IF000000692,px981gt8142,sul:ARS0018_1394-A,
80100076-IF000000791,rj145cj3786,sul:ARS0018_1397-A,
80100077-IF000000792,ct449qc1028,sul:ARS0018_1398-A,
80090071-IF000000693,pp192rs6897,sul:ARS0018_1429-A,
80050081-IF000000382,cg079zp7143,sul:ARS0018_1430-A,
80060048-IF000000430,wj064rh2411,sul:ARS0018_1433-A,
80070076-IF000000527,qd016yv5861,sul:ARS0018_1435-A,
80060049-IF000000431,wf559kj8089,sul:ARS0018_1437-A,
80050082-IF000000383,xh533hr8962,sul:ARS0018_1439-A,
80060050-IF000000432,db493ss3157,sul:ARS0018_1441-A,
80090072-IF000000694,vz365yb6640,sul:ARS0018_1443-A,
80080090-IF000000620,pw082pc8963,sul:ARS0018_1445-A,
80100078-IF000000793,qf415tk3886,sul:ARS0018_1447-A,
80040068-IF000000301,sy832vy2222,sul:ARS0018_1449-A,
80080091-IF000000621,tc341nc1871,sul:ARS0018_1451-A,
80030049-IF000000154,rh515qk3810,sul:ARS0018_1453-A,
80090073-IF000000695,sv154jm7679,sul:ARS0018_1512-A,
80060051-IF000000433,jn624ms3961,sul:ARS0018_1513-A,
80090074-IF000000696,hq864cv7324,sul:ARS0018_1514-A,
80060052-IF000000434,cw109hn1027,sul:ARS0018_1515-A,
80060053-IF000000435,pc788vs0514,sul:ARS0018_1516-A,
80100079-IF000000794,zt596hm1683,sul:ARS0018_1517-A,
80060054-IF000000436,xm223qp1294,sul:ARS0018_1518-A,
80090075-IF000000697,kg318sg5190,sul:ARS0018_1519-A,
80080092-IF000000622,df049vp9676,sul:ARS0018_1520-A,
80090076-IF000000698,fq507ph2867,sul:ARS0018_1521-A,
80090077-IF000000699,fy338fc3936,sul:ARS0018_1522-A,
80060055-IF000000437,jr341st0462,sul:ARS0018_1523-A,
8019001-IF000001301,wd126dy8352,sul:ARS0018_1531-A,
8016059-IF000001276,rc401ff1081,sul:ARS0018_1582-A,
8016060-IF000001277,dq958tg5336,sul:ARS0018_1583-A,
8016061-IF000001278,jb497fn6456,sul:ARS0018_1584-A,
8016062-IF000001279,rw178zg9779,sul:ARS0018_1585-A,
8016063-IF000001280,zx807hd4303,sul:ARS0018_1586-A,
8016064-IF000001281,jc974bn8593,sul:ARS0018_1587-A,
8016065-IF000001282,yy923wr8053,sul:ARS0018_1588-A,
8016066-IF000001283,zy229fx1428,sul:ARS0018_1589-A,
8016067-IF000001284,gt973yf9372,sul:ARS0018_1590-A,
8016068-IF000001285,nf272kv5728,sul:ARS0018_1591-A,
8016069-IF000001286,hw182cc3467,sul:ARS0018_1592-A,
8016070-IF000001287,ys464pc0167,sul:ARS0018_1593-A,
8016071-IF000001288,tj838kq6675,sul:ARS0018_1594-A,
80030050-IF000000155,td587vw0989,sul:ARS0018_1631-A,
80030050-IF000000156,mm002xv0938,sul:ARS0018_1631-B,
80120034-IF000000953,wq123vq5119,sul:ARS0018_1632-A,
80090078-IF000000700,yd992sq0077,sul:ARS0018_1633-A,
80090079-IF000000701,wy720ny9491,sul:ARS0018_1634-A,
80090080-IF000000702,ph482sk7832,sul:ARS0018_1635-A,
80090081-IF000000703,xt607tb7727,sul:ARS0018_1636-A,
80090082-IF000000704,jh585dn4525,sul:ARS0018_1637-A,
8016017-IF000001234,sx476np2295,sul:ARS0018_1670-A,
8016018-IF000001235,cb082vz2652,sul:ARS0018_1671-A,
8016019-IF000001236,sx566xd0708,sul:ARS0018_1672-A,
8016020-IF000001237,kr795xn8782,sul:ARS0018_1673-A,
8016021-IF000001238,fv323cg3504,sul:ARS0018_1674-A,
8016022-IF000001239,qt792nv4446,sul:ARS0018_1675-A,
8016072-IF000001308,tq603rz2564,sul:ARS0018_1676-A,
8016023-IF000001240,zq662qm3341,sul:ARS0018_1677-A,
8016024-IF000001241,ks103tv2743,sul:ARS0018_1678-A,
8016025-IF000001242,qm066hd5849,sul:ARS0018_1679-A,
8016026-IF000001243,fg428jg5771,sul:ARS0018_1680-A,
8016027-IF000001244,nw648gh3264,sul:ARS0018_1681-A,
8016028-IF000001245,hm891rg3723,sul:ARS0018_1682-A,
8016029-IF000001246,xv237bc4544,sul:ARS0018_1683-A,
8016030-IF000001247,sg519bt5826,sul:ARS0018_1684-A,
8016031-IF000001248,wc344ch9846,sul:ARS0018_1727-A,
8016032-IF000001249,yt654dh3087,sul:ARS0018_1728-A,
8016033-IF000001250,yt968pc9859,sul:ARS0018_1731-A,
8019020-IF000001320,gd749dg1722,sul:ARS0018_1733-A,
8016034-IF000001251,xq652gf0063,sul:ARS0018_1734-A,
8016035-IF000001252,tf251mz0571,sul:ARS0018_1735-A,
8016036-IF000001253,np961wz3503,sul:ARS0018_1737-A,
8016037-IF000001254,bf302kj0800,sul:ARS0018_1739-A,
8016038-IF000001255,zz061qj6089,sul:ARS0018_1740-A,
8016039-IF000001256,hq103zf8049,sul:ARS0018_1742-A,
8016040-IF000001257,xc614xz0835,sul:ARS0018_1743-A,
8016041-IF000001258,jr360fn2267,sul:ARS0018_1744-A,
8016042-IF000001259,hs005pw5026,sul:ARS0018_1746-A,
8016043-IF000001260,bg848mr6853,sul:ARS0018_1749-A,
8016044-IF000001261,sf554yx2526,sul:ARS0018_1750-A,
8016045-IF000001262,kx044cz9317,sul:ARS0018_1753-A,
8016046-IF000001263,zq869gy7474,sul:ARS0018_1774-A,
8016047-IF000001264,sg658rm2495,sul:ARS0018_1775-A,
8016048-IF000001265,hy346jv0441,sul:ARS0018_1776-A,
8016049-IF000001266,nb167fn9742,sul:ARS0018_1777-A,
8016050-IF000001267,zg176zt5237,sul:ARS0018_1778-A,
8016051-IF000001268,rf284yz1992,sul:ARS0018_1779-A,
8016052-IF000001269,jh765xp5751,sul:ARS0018_1780-A,
8016053-IF000001270,gv980kz7243,sul:ARS0018_1781-A,
8016054-IF000001271,jc670bp8284,sul:ARS0018_1782-A,
8016055-IF000001272,bd366vm8209,sul:ARS0018_1783-A,
8016056-IF000001273,ds629hp6524,sul:ARS0018_1784-A,
8016057-IF000001274,bf132sq9690,sul:ARS0018_1785-A,
8016058-IF000001275,dz379xj3089,sul:ARS0018_1786-A,
80100083-IF000000798,fs293pf2170,sul:ARS0018_1868-A,
80100081-IF000000796,md762xc8983,sul:ARS0018_1869-A,
80100082-IF000000797,tw900cv1560,sul:ARS0018_1870-A,
80100080-IF000000795,sv152rc8194,sul:ARS0018_1871-A,